bits,trial_time,trial_iters,fermat_time,fermat_iters,rho_time,rho_iters
16,7.979499059729278e-06,82.0,5.625006451737136e-07,2.0,3.6454948713071644e-06,5.5
20,3.0416500521823764e-05,343.0,9.170034900307655e-07,3.5,1.0207997547695413e-05,22.0
24,0.00011722899944288656,1271.5,5.436999344965443e-06,40.0,1.4895500498823822e-05,32.0
28,0.0005255630021565594,5274.5,7.4165036494378e-06,51.0,3.0375504138646647e-05,63.5
32,0.001958145498065278,22009.0,3.831250069197267e-05,255.5,7.181250111898407e-05,107.0
36,0.007595708499138709,88621.0,3.649999780463986e-05,237.0,0.00026904149854090065,369.0
40,0.03147185450143297,365207.5,0.0004753125031129457,3054.5,0.0004344375010987278,594.5
44,0.11764672950084787,1370234.0,0.0006793545035179704,4324.0,0.000779062003857689,1122.5
48,0.44409108350009774,5204899.5,0.000977687999693444,6068.5,0.0012609584991878364,1770.5
